S - Grid Slide Square - Filled,0.0,0.45650048875855326,0.7712609970674487,0.0,0.0,True
S - Grid Slide Square - Filled,0.0,0.45650048875855326,0.7712609970674487,0.0,0.0,False
S - Grid Slide Square - Filled,0.0,0.45650048875855326,0.7712609970674487,0.0,0.0,True
S - Grid Slide Square - Filled,0.0,0.45650048875855326,0.7712609970674487,0.0,0.0,False
S - Grid Slide Square - Filled,0.0,0.45650048875855326,0.7712609970674487,0.0,0.0,True
S - Grid Slide Square - Filled,0.0,0.45650048875855326,0.7712609970674487,0.0,0.0,False
S - Grid Slide Square - Filled,0.0,0.45650048875855326,0.7712609970674487,0.0,0.0,True
S - Grid Slide Square - Filled,0.0,0.45650048875855326,0.7712609970674487,0.0,0.0,True
S - Grid Slide Square - Filled,0.0,0.45650048875855326,0.7712609970674487,0.0,0.0,False
S - Grid Slide Square - Filled,0.0,0.45650048875855326,0.7712609970674487,0.0,0.0,True
S - Grid Slide Square - Filled,0.0,0.45650048875855326,0.7712609970674487,0.0,0.0,False
